<?xml version="1.0" encoding="UTF-8"?>
<!DOCTYPE mapper PUBLIC "-//mybatis.org//DTD Mapper 3.0//EN" "http://mybatis.org/dtd/mybatis-3-mapper.dtd">
<mapper namespace="com.evloution.datas.dao.AccountDao">

	<!-- 账户信息表 -->
	<resultMap id="Account_ResultMap" type="com.evloution.datas.domain.Account">

		<result column="user_account" property="userAccount" /> <!-- 用户账号(主键) -->
		<result column="user_name" property="accountName" /> <!-- 用户姓名 -->
		<result column="user_sex" property="accountSex" /> <!-- 用户性别 -->
		<result column="user_password" property="userPassword" /> <!-- 用户密码 -->
		<result column="user_ID_number" property="userIdNumber" /> <!-- 用户身份证号码 -->
		<result column="user_phone" property="userPhone" /> <!-- 用户电话 -->
		<result column="create_time" property="creationTime" /> <!-- 创建时间 -->

	</resultMap> 、

	<!-- 账户交易表 -->
	<resultMap id="AccountRecord_ResultMap" type="com.evloution.datas.domain.AccountRecord">

		<result column="transaction_type" property="transactionType" /> <!-- 账户交易类型 -->
		<result column="user_account" property="userAccount" /> <!-- 账户交易账号 -->
		<result column="receivable_account" property="receivableAccount" /> <!-- 收款账户 -->
		<result column="source_account" property="sourceAccount" /> <!-- 来源账户 -->
		<result column="transaction_money" property="transactionMoney" /> <!-- 交易金额 -->
		<result column="account_balance" property="accountBalance" /> <!-- 账户余额 -->
		<result column="transaction_time" property="transactionTime" /> <!-- 交易时间 -->

	</resultMap>

	<!-- 此处select标签的id值对应Mapper类中方法名 -->
	<!-- 查询账号和密码 -->
	<select id="selectUserAccount" parameterType="com.evloution.datas.domain.Account"
		resultMap="Account_ResultMap">

		<!-- 以#{}的方式表示sql中的参数 -->
		select * from account_record_table where user_account=#{userAccount}
		and user_password=#{userPassword}

	</select>

	<!-- 添加账户/注册账户 -->
	<insert id="insertUserAccount" parameterType="com.evloution.datas.domain.Account"
		useGeneratedKeys="true">
		insert into account_record_table
		(user_account,user_name,user_sex,user_password,user_ID_number,user_phone,create_time)
		values
		(#{userAccount},#{accountName},#{accountSex},#{userPassword},#{userIdNumber},#{userPhone},now());
	</insert>

	<!-- 查询账户余额 -->
	<select id="selectUserAccountBalanceDao" parameterType="java.lang.String"
		resultMap="AccountRecord_ResultMap">

		select * from transaction_record_table t where
		t.user_account=#{userAccount} ORDER BY t.transaction_time desc limit
		1;

	</select>

	<!-- 存款 -->
	<insert id="userAccountSave_Dao" parameterType="com.evloution.datas.domain.Account"
		useGeneratedKeys="true">
		insert into transaction_record_table
		(transaction_type,user_account,receivable_account,source_account,transaction_money,account_balance,transaction_time)
		values
		('存款',#{userAccount},'------','------',#{transactionMoney},#{accountBalance},now());
	</insert>

	<!-- 取款 -->
	<insert id="userAccountDraw_Dao" parameterType="com.evloution.datas.domain.Account"
		useGeneratedKeys="true">
		insert into transaction_record_table
		(transaction_type,user_account,receivable_account,source_account,transaction_money,account_balance,transaction_time)
		values
		('取款',#{userAccount},'------','------',#{transactionMoney},#{accountBalance},now());
	</insert>

	<!-- 查询收款账号存不存在 -->
	<!-- <select id="selectReceivablesAccount_Dao" parameterType="java.lang.Integer" 
		resultMap="Account_ResultMap"> -->
	<select id="selectReceivablesAccount_Dao" resultMap="Account_ResultMap"
		parameterType="java.lang.Integer">

		select IFNULL(count(user_account),0) from account_record_table where
		user_account=#{receivableAccount};

	</select>

	<!-- 转账 -->
	<insert id="userAccountTransfer_Dao" parameterType="com.evloution.datas.domain.Account"
		useGeneratedKeys="true">
		insert into transaction_record_table
		(transaction_type,user_account,receivable_account,source_account,transaction_money,account_balance,transaction_time)
		values
		('转账',#{userAccount},#{receivableAccount},'------',#{transactionMoney},#{accountBalance},now());
		<!-- 收款账号 -->
	</insert>

	<!-- 查询收款账户余额 -->
	<select id="selectTransferAccountBalanceDao" parameterType="java.lang.String"
		resultMap="AccountRecord_ResultMap">

		select * from transaction_record_table t where
		t.user_account=#{receivableAccount} ORDER BY t.transaction_time desc
		limit
		1;

	</select>

	<!-- 收款 Receivables -->
	<insert id="userAccountReceivables_Dao" parameterType="com.evloution.datas.domain.Account"
		useGeneratedKeys="true">
		insert into transaction_record_table
		(transaction_type,user_account,receivable_account,source_account,transaction_money,account_balance,transaction_time)
		values
		('收款',#{receivableAccount},'------',#{userAccount},#{transactionMoney},#{accountBalance},now());
		<!-- 来源账号 -->
	</insert>

	<!-- 查询身份证号和电话号码 -->
	<select id="select_UserIdNumber_UserPhone_Dao" parameterType="java.lang.String"
		resultMap="Account_ResultMap">

		select * from account_record_table where
		user_account=#{userAccount};

	</select>

	<update id="updateAccountPassword_Dao" parameterType="com.evloution.datas.domain.Account">
		update
		account_record_table set user_password = #{userPassword} where
		user_account=#{userAccount};
	</update>

	<!-- 删除用户 -->
	<delete id="deleteUserAccount_Dao" parameterType="java.lang.String">
		delete from
		account_record_table
		where user_account = #{userAccount};

	</delete>

	<!-- 删除用户 记录 -->
	<delete id="deleteUserAccountRecord_Dao" parameterType="java.lang.String">

		delete
		from transaction_record_table
		where user_account = #{userAccount};
	</delete>

</mapper>