<?xml version="1.0" encoding="UTF-8"?>
<!DOCTYPE configuration PUBLIC "-//mybatis.org//DTD Config 3.0//EN" "http://mybatis.org/dtd/mybatis-3-config.dtd">
<configuration>

	<settings>
		<!-- 这个配置使全局的映射器启用或禁用缓存 -->
		<setting name="cacheEnabled" value="true" />
		<!-- 全局启用或禁用延迟加载。当禁用时，所有关联对象都会即时加载 -->
		<setting name="lazyLoadingEnabled" value="true" />
		<setting name="multipleResultSetsEnabled" value="true" />
		<setting name="useColumnLabel" value="true" />
		<setting name="defaultExecutorType" value="REUSE" />
		<!--执行语句的超时,秒 -->
		<setting name="defaultStatementTimeout" value="360" />
		<!--支持字段的驼峰命名格式 -->
		<setting name="mapUnderscoreToCamelCase" value="true" />
		<!--结果集映射,全部映射 -->
		<setting name="autoMappingBehavior" value="FULL" />

	</settings>


	<!--配置文件的引入 配置数据源相关属性和事务 注意： 下面的配置仅仅在Test类测试用到， 后面和Spring整合后就用不到下面的数据源配置了 -->
	<environments default="development">
		<!-- 环境配置开始，可以配置多个环境 而使用哪一个可以在创建session时指定，默认使用default中的值 -->
		<environment id="development">
			<!--事务配置，使用jdbc类型的事务 -->
			<transactionManager type="JDBC" />
			<!--数据源的配置，使用库链接池类型 -->
			<dataSource type="POOLED">
				<property name="driver" value="com.mysql.jdbc.Driver" />
				<property name="url" value="jdbc:mysql://127.0.0.1:3306/webauth" />
				<property name="username" value="root" />
				<property name="password" value="123456" />
			</dataSource>
		</environment>
	</environments>

</configuration>